10/03/2024	Al Mobaraka Enterprise	+880 1730-877848	VVJC+P5F Al Mobaraka Enterprise, Sylhet, Bangladesh						Bus Ticket	almobarakaenterprise
	MOURI AIR INTERNATIONAL	+880 1711-975004	Hazrat Shahjalal Rd, Sylhet, Bangladesh		http://www.mouriair.blogspot.com/				Travel	mouriairinternational
	NEXT TRIP Travel Plan	+880 1986-769286	2nd Floor, NEXT TRIP Travel Plan, Oriental Shopping Centre, 207 Mira Bazar, Sylhet 3100, Bangladesh						Travel	nexttriptravelplan
	Al-Kawsar Air Service	+880 1737-481796	115-116, Al-Kawsar Air Service, Rose View Complex, Sylhet 3100, Bangladesh		https://www.facebook.com/alkawsarairservice/				Travel	alkawsarairservice
	Discovery Sylhet Travels & Tours	+880 1711-342387	Chistia Market Tarminal Road, Sylhet 3100, Bangladesh		https://www.facebook.com/discoverysyl.trv/				Travel	discoverysylhettravelstours
	Rent A Car Sylhet- Tour Guide BD	+880 1726-700193	203, First Floor, Rent A Car Sylhet- Tour Guide BD, Rangmahal Tower, Sylhet 3100, Bangladesh		https://sylhet-rent-a-car-tgbd.business.site/?utm_source=gmb&utm_medium=referral				Car Rental	rentacarsylhettourguidebd
	Jatrik Travels	+880 1711-332617	Jail Rd, Sylhet 3100, Bangladesh		https://www.jatriktravels.com/				Travel	jatriktravels
	Heads international	+880 1713-787963	Kaniz Plaza, 310,No Room,(3rd floor, Kazi Elias Road, Sylhet 3100, Bangladesh						Travel	headsinternational
	Bus Rental Service Sylhet (Rent a Car & Tourist Bus)	+880 1767-228866	KothayJaben, 1/D, Anondo Tower, Jail Rd, Sylhet 3100, Bangladesh		http://fb.com/KothayJaben.Sylhet				Tours	busrentalservicesylhetrentacartouristbus
	Diary Of Travelers	+880 1714-428190	5th floor, West World Shopping Centre, West Zindabazar, Super, Bangladesh						Travel	diaryoftravelers
	Royal Travels International	+880 1673-635477	2nd Floor, Anando Tower, Jail Road, Sylhet 3100, Bangladesh						Travel	royaltravelsinternational
	Amazon Tourism	+880 1712-769230	203, 2nd Floor, Surma Tower, VIP Road, Taltola, Sylhet 3100, Bangladesh						Travel	amazontourism
	City Travels	+880 1711-338363							Travel	citytravels
	M Khan Overseas Travels & Tour	+880 1317-876733	3rd floor, M Khan Overseas Travels & Tour, 38 Raja Mansion, Sylhet 3100, Bangladesh						Travel	mkhanoverseastravelstour
	MUSAFIR Tours	+880 1535-739921	21c Dhaka - Sylhet Hwy, Sylhet, Bangladesh						Tours	musafirtours
	Mak Tourism of Sylhet	+880 1773-224814	Jallarpar Rd, Sylhet 3100, Bangladesh						Travel	maktourismofsylhet
	Trip ventures	+880 1736-214179	VVX6+FM5 Trip ventures, Rikabi Bazar Rd, Sylhet, Bangladesh						Travel	tripventures
	Rokthi Travels	+880 1717-185298	Golden Tower, Airport Rd, Sylhet 3100, Bangladesh		https://www.facebook.com/profile.php?id=100079998710062&mibextid=ZbWKwL				Travel	rokthitravels
	A1 Travellers	+880 1720-093339	RB Complex, Sylhet 3100, Bangladesh		https://www.facebook.com/a1travellers				Travel	atravellers
	ASR Travels	+880 1711-145261	141 Ground Floor, ASR Travels, Rose View Complex, Sylhet 3100, Bangladesh						Travel	asrtravels
	Sunshine Travels & Tours	+880 1939-778866	VVPJ+CFV Sunshine Travels & Tours, Chittagong 3100, Bangladesh		http://www.sunshinetravelsbd.com/				Travel	sunshinetravelstours
	Al Hakim Travels	+880 1717-129709	Rose View Complex, 134 (Ground Floor, Sylhet 3100, Bangladesh						Travel	alhakimtravels
	Flyhub Sylhet	+880 9611-993344	1st floor, Flyhub Sylhet, RN Tower, Sylhet 3100, Bangladesh		http://www.flyhub.com/				Travel	flyhubsylhet
	Lovely Trade And Tours	+880 1744-669933	10-41, Hurayra Mansion, Amborkhana, Sylhet 3100, Bangladesh						Tours	lovelytradeandtours
	Alam Travels	+880 1726-536363	14-16, Rashid Emporium, Dargah Gate, Sylhet 3100, Bangladesh						Travel	alamtravels
	Central Air Service	+880 1716-755175	2nd Floor, Ananda Tower, Jail Road, Sylhet 3100, Bangladesh						Travel	centralairservice
	Ananda Tourism	+880 1711-804949	9th floor, Ananda Tourism, Ananda Tower, Jail Rd, Sylhet 3100, Bangladesh						Tours	anandatourism
	Ena Transport, Sylhet	+880 1619-737656	Ena Transport, Sylhet, N208, Sylhet, Bangladesh		http://www.shohoz.com/				Coach Ticket	enatransportsylhet
	BRTC Bus Counter, Kumargaon, Sylhet	+880 1322-018029	BRTC Bus Counter, Kumargaon, Sylhet, Sylhet, Bangladesh						Bus Ticket	brtcbuscounterkumargaonsylhet
	HillviewTourism	+880 1711-040429	2/18, Eastern plaza (2nd floor, Airport Rd, Sylhet 3100, Bangladesh						Tours	hillviewtourism
	HillviewTourism	+880 1711-040429	Sylhet, Bangladesh		http://www.hillviewtourism.com/				Travel	hillviewtourism
	Shamim Travels Express (Sylhet Branch)	+880 1711-133086	221(3rd floor, Shamim Travels Express (Sylhet Branch), Surma Tower, VIP Rd, Sylhet 3100, Bangladesh		http://shamimtravels-zyl.business.site/				Travel	shamimtravelsexpresssylhetbranch
	Latif Travels Pvt Ltd - Zindabazar Branch	+880 1711-330729	Ground Floor, Latif Travels Pvt Ltd - Zindabazar Branch, RB Complex, 119-124, Sylhet 3100, Bangladesh		https://latiftravels.net/				Travel	latiftravelspvtltdzindabazarbranch
	Study Travel BD	+880 1939-611898	Bandar Bazar Rd, Sylhet 3100, Bangladesh		https://sites.google.com/view/studytravelsbd/home				Travel	studytravelbd
	Musafir Travels Bangladesh	+880 1722-226413	991,Partex showroom Building,Hussain complex,3rd floor ,Purbo mirabazar opposite of Hotel supreme Sylhet, 3100, Bangladesh		https://musafir-travels-tour.business.site/				Travel	musafirtravelsbangladesh
	Iqra Travels & Tours	+880 1711-012842	Rose View Complex, Sylhet 3100, Bangladesh						Travel	iqratravelstours
	Travelers of Sylhet	+880 1725-843030	jitu mia point, Sylhet 3100, Bangladesh						Travel	travelersofsylhet
	Latif Travels Pvt. Ltd.	+880 1711-322244	104-109 Rose View Complex (Ground Floor, Shahjalal Upashahar Main Rd, Sylhet 3100, Bangladesh		http://www.latiftravels.net/				Travel	latiftravelspvtltd
	Travelers Of Greater Sylhet	+880 1896-151350	Excel Tower, Sylhet 3100, Bangladesh						Travel	travelersofgreatersylhet
	SARAH TRAVEL EXPERT	+880 1737-371731	331 Surma tower level-4 (lift-3) Court point, VIP Rd, Sylhet 3100, Bangladesh		https://sarahtravelexpert.com/				Travel	sarahtravelexpert
	Shiper Air Service	+880 1711-995252	Shiper Air Service 2th Floor, Ananda Tower, Jail Road, Jail Road N2, Sylhet 3100, Bangladesh						Travel	shiperairservice
	khaja travels ajent	+880 1714-486796	Sylhet, Bangladesh						Travel	khajatravelsajent
	Jamal travels	+880 1721-424912	Rangmahal Tower, Bandar Bazar Rd, Sylhet, Bangladesh		https://www.facebook.com/jamaltravelsofficial/				Travel	jamaltravels
	Suma international services	+880 1730-073610	level-5 Surma Tower VIP Road, Taltola Rd, Sylhet 3100, Bangladesh		http://www.sumabd.com/				Travel	sumainternationalservices
	Online Travel	+880 1728-442743	2/5 (2nd Floor) Eastern Plaza,, Airport Rd, Amberkhana, Sylhet 3100, Bangladesh		http://www.onlinetravel.ltd/				Travel	onlinetravel
	Next Travelers	+880 1712-009022	1st Floor, Next Travelers, Gauchia Market, Jail Rd, Sylhet 3100, Bangladesh		https://www.facebook.com/NextTravelers				Travel	nexttravelers
	Dubai Tours And Travels	+880 1713-659680	VVJG+FG5 Dubai Tours And Travels, Sylhet, Bangladesh		http://www.dubaitravelsbd.com/				Travel	dubaitoursandtravels
	Ifty Travels	+880 1728-978045	Surma Tower, Taltola Rd, Sylhet, Bangladesh						Travel	iftytravels
	Traveling guide sylhet	+880 1717-414600	VVHQ+P55 Traveling guide sylhet, Sylhet, Bangladesh						Travel	travelingguidesylhet
	Linkers Travels (PVT) LTD	+880 1710-186026	Asia Mansion, 11-12 Raza, Sylhet 3100, Bangladesh						Travel	linkerstravelspvtltd
	Moon Travels Intl.	+880 1712-256334	Room No. 407, 2nd Floor, Manru Shopping City, Chowhatta, Sylhet 3100, Bangladesh						Travel	moontravelsintl
	Tour Sylhet Bd	+880 1711-376426	Garden Tower, 2nd Floor, Sylhet 3100, Bangladesh		http://www.toursylhetbd.com/				Travel	toursylhetbd
	Eagle International	+880 1818-090432	House No: 14, Road No: 34, Block: D, Eagle International, Sylhet 3100, Bangladesh		https://www.eagleinternational.space/				Travel	eagleinternational
	JAKER AIR SERVICE	+880 1742-973864	71 no golden tower first floor, Airport Rd, Sylhet 3100, Bangladesh		https://www.facebook.com/profile.php?id=100088669582897&mibextid=ZbWKwL				Travel	jakerairservice
	MUAZ TRAVELS & TOURS	+880 1715-335730	101.2nd Floor, MUAZ TRAVELS & TOURS, Sylhet Millennium, Jollarpar Road, Sylhet 3100, Bangladesh						Travel	muaztravelstours
	Ovi Overseas Consultant	+880 1719-450516	Sylhet Station Club Ltd Rd, Sylhet 3100, Bangladesh		https://www.facebook.com/ovioverseasbd				Travel	ovioverseasconsultant
	Sylhet Travel agency bd	+880 1601-276679	Sylhet 3100, Bangladesh		https://www.facebook.com/Sylhettravelagency.bd				Travel	sylhettravelagencybd